month,share_funds,n,share_tna,share_funds_official,n_official
1979-06-30,0.0,2,0.0,,
1979-09-30,0.0,3,0.0,,
1979-12-31,0.017391304347826087,115,0.009450044605403336,,
1980-03-31,0.016018306636155607,437,0.012769470189929905,0.024390243902439025,82.0
1980-06-30,0.009881422924901186,506,0.00951730888945997,0.013793103448275862,145.0
1980-09-30,0.008032128514056224,498,0.008418569171174962,0.006896551724137931,145.0
1980-12-31,0.010351966873706004,483,0.008906583840678628,0.006756756756756757,148.0
1981-03-31,0.011976047904191617,501,0.009920162763157856,0.013793103448275862,145.0
1981-06-30,0.013806706114398421,507,0.018553506642038056,0.02,150.0
1981-09-30,0.0136986301369863,511,0.01946050547369538,0.02666666666666667,150.0
1981-12-31,0.01694915254237288,354,0.02804852503455582,0.015748031496062992,127.0
1982-03-31,0.013774104683195593,363,0.011079978620160138,0.023076923076923078,130.0
1982-06-30,0.017045454545454544,352,0.009230601434086612,0.023809523809523808,126.0
1982-09-30,0.01182033096926714,423,0.010594487376425588,0.008064516129032258,124.0
1982-12-31,0.015521064301552107,451,0.014866952184605485,0.016666666666666666,120.0
1983-03-31,0.015706806282722512,382,0.011654078392348976,0.016129032258064516,124.0
1983-06-30,0.015655577299412915,511,0.02457826077699663,0.012903225806451613,155.0
1983-09-30,0.015317286652078774,457,0.029416124785339032,0.01282051282051282,156.0
1983-12-31,0.011406844106463879,526,0.011685590953121872,0.013157894736842105,152.0
1984-03-31,0.013461538461538462,520,0.01445188297573314,0.012578616352201259,159.0
1984-06-30,0.011111111111111112,540,0.015221399003389856,0.012048192771084338,166.0
1984-09-30,0.011450381679389313,524,0.014896633721857956,0.012578616352201259,159.0
1984-12-31,0.00676818950930626,591,0.011094628383543293,0.011560693641618497,173.0
1985-03-31,0.009074410163339383,551,0.009491319556677433,0.011764705882352941,170.0
1985-06-30,0.005110732538330494,587,0.00750049015507611,0.005,200.0
1985-09-30,0.007407407407407408,540,0.005916218250813518,0.00546448087431694,183.0
1985-12-31,0.00473186119873817,634,0.007075133701527321,0.004830917874396135,207.0
1986-03-31,0.006756756756756757,592,0.005666827876682183,0.0049261083743842365,203.0
1986-06-30,0.004739336492890996,633,0.004782812785289651,0.0,225.0
1986-09-30,0.006711409395973154,596,0.005997556855045818,0.004807692307692308,208.0
1986-12-31,0.006033182503770739,663,0.006041106937473788,0.0,214.0
1987-03-31,0.00980392156862745,612,0.013669073640851247,0.013636363636363636,220.0
1987-06-30,0.01608187134502924,684,0.08256790829653475,0.012295081967213115,244.0
1987-09-30,0.018518518518518517,594,0.10275119769056866,0.022727272727272728,220.0
1987-12-31,0.0199468085106383,752,0.10031744076305515,0.020242914979757085,247.0
1988-03-31,0.01906158357771261,682,0.09560991930218986,0.021551724137931036,232.0
1988-06-30,0.01761006289308176,795,0.07720941179180818,0.018867924528301886,265.0
1988-09-30,0.017595307917888565,682,0.08289025427643519,0.024390243902439025,246.0
1988-12-31,0.024079320113314446,706,0.04073180462557758,0.015267175572519083,262.0
1989-03-31,0.019769357495881382,607,0.11693436702580422,0.03056768558951965,229.0
1989-06-30,0.02194787379972565,729,0.05384567434912002,0.01818181818181818,275.0
1989-09-30,0.02190923317683881,639,0.12484738894292188,0.024,250.0
1989-12-31,0.025220680958385876,793,0.056637114616334194,0.02127659574468085,282.0
1990-03-31,0.02861230329041488,699,0.1353680485585476,0.03345724907063197,269.0
1990-06-30,0.029556650246305417,812,0.07601496959253208,0.033846153846153845,325.0
1990-09-30,0.02796271637816245,751,0.07260748444834982,0.03496503496503497,286.0
1990-12-31,0.029531568228105907,982,0.0710649511786919,0.028037383177570093,321.0
1991-03-31,0.027809965237543453,863,0.0731493635418507,0.034482758620689655,319.0
1991-06-30,0.030541871921182268,1015,0.07201294161826145,0.02601156069364162,346.0
1991-09-30,0.02823018458197611,921,0.08654547801717774,0.03597122302158273,278.0
1991-12-31,0.02831858407079646,1130,0.08903950360551027,0.035422343324250684,367.0
1992-03-31,0.028047464940668825,927,0.07438865748466345,0.02727272727272727,330.0
1992-06-30,0.033304867634500426,1171,0.08392523252106492,0.04207920792079208,404.0
1992-09-30,0.032908704883227176,942,0.07420668036534518,0.03111111111111111,225.0
1992-12-31,0.04410441044104411,1111,0.08952391718732239,0.0390625,256.0
1993-03-31,0.034026465028355386,1058,0.0609615824349065,0.021108179419525065,379.0
1993-06-30,0.04003021148036254,1324,0.061431156377550276,0.025423728813559324,472.0
1993-09-30,0.03424657534246575,1022,0.09206682486222349,0.01818181818181818,385.0
1993-12-31,0.03934871099050204,1474,0.121763666098813,0.01867219917012448,482.0
1994-03-31,0.03415154749199573,937,0.05886960620348002,0.020172910662824207,347.0
1994-06-30,0.04136690647482014,1668,0.13262378633417674,0.021153846153846155,520.0
1994-09-30,0.037642045454545456,1408,0.11041346915636104,0.03412073490813648,381.0
1994-12-31,0.03707012058954891,2239,0.14138710108702723,0.022429906542056073,535.0
1995-03-31,0.04736440030557677,1309,0.14298491211142725,0.04065040650406504,369.0
1995-06-30,0.05004508566275924,2218,0.15959661290530924,0.031932773109243695,595.0
1995-09-30,0.04188144329896907,1552,0.17636193639569717,0.050359712230215826,417.0
1995-12-31,0.037103263299061245,2237,0.16495135719979973,0.027923211169284468,573.0
1996-03-31,0.042583392476934,1409,0.20603250826700245,0.04580152671755725,393.0
1996-06-30,0.039077037588388534,2687,0.13269985925155023,0.03153153153153153,666.0
1996-09-30,0.03512506652474721,1879,0.21852930338791862,0.050880626223091974,511.0
1996-12-31,0.04273192111029949,2738,0.1974559811787394,0.03305785123966942,726.0
1997-03-31,0.05470804839558127,1901,0.24491158924973833,0.06814310051107325,587.0
1997-06-30,0.05711318795430945,2889,0.19606812190422548,0.045454545454545456,814.0
1997-09-30,0.04873853211009174,1744,0.25727470078622494,0.06283662477558348,557.0
1997-12-31,0.06386014983945773,2803,0.23214032468556184,0.04932182490752158,811.0
1998-03-31,0.07061503416856492,2195,0.28683812217761145,0.07439198855507868,699.0
1998-06-30,0.0712015257469803,3146,0.2533025480422636,0.07765830346475508,837.0
1998-09-30,0.08983180428134556,2616,0.3832079082483495,0.105,800.0
1998-12-31,0.08630586305863058,4878,0.3822945515325073,0.1091703056768559,916.0
1999-03-31,0.10180372974625497,3271,0.33196491670461575,0.16963064295485636,731.0
1999-06-30,0.11365244046215515,4241,0.37079608726606955,0.14039125431530494,869.0
1999-09-30,0.11739974126778784,3092,0.34103386439254924,0.1409090909090909,880.0
1999-12-31,0.13561776061776062,6216,0.32449434384150977,0.1913214990138067,1014.0
2000-03-31,0.13419658622719247,5097,0.27242138462466925,0.20218579234972678,915.0
2000-06-30,0.1537084017310849,6701,0.313699417319121,0.20615671641791045,1072.0
2000-09-30,0.15431828145550197,4562,0.285393941750469,0.2067099567099567,924.0
2000-12-31,0.1422232601588043,8564,0.3437919677436608,0.19285714285714287,1120.0
2001-03-31,0.16288252714708787,4052,0.30274163402913806,0.19136522753792298,857.0
2001-06-30,0.15939366100137806,6531,0.37984725444406187,0.20665322580645162,992.0
2001-09-30,0.16039644012944984,4944,0.4011304832532964,0.18703007518796994,1064.0
2001-12-31,0.1462508444044134,8882,0.41430673430851583,0.19868173258003766,1062.0
2002-03-31,0.17130620985010706,4670,0.3503351016670064,0.1774193548387097,1116.0
2002-06-30,0.15503775058578495,7682,0.39454847075558436,0.1778688524590164,1220.0
2002-09-30,0.15689547256415606,4793,0.380084896080898,0.18968871595330739,1028.0
2002-12-31,0.14406496829458226,8989,0.4064152338996787,0.1886625332152347,1129.0
2003-03-31,0.18050866531622778,4443,0.37311043450974185,0.21421800947867298,1055.0
2003-06-30,0.15950155763239876,8025,0.38336123326366917,0.19085173501577288,1268.0
2003-09-30,0.16986564299424184,5210,0.32604492420137715,0.18518518518518517,1188.0
2003-12-31,0.12517874821251787,9091,0.3599881982045457,0.18216756341275941,1301.0
2004-03-31,0.15117289313640314,4604,0.3700701938359428,0.15593220338983052,1180.0
2004-06-30,0.11589682063587282,8335,0.38115680217538084,0.1498422712933754,1268.0
2004-09-30,0.11960871498443752,6747,0.38934677930947587,0.14747474747474748,1485.0
2004-12-31,0.09861741196802765,9258,0.36556482133685636,0.14027777777777778,1440.0
2005-03-31,0.10592323964944092,6618,0.3851384867837849,0.13178294573643412,1419.0
2005-06-30,0.09315251222765673,8996,0.30488179314662117,0.12439862542955327,1455.0
2005-09-30,0.08691660290742158,6535,0.30834242657186517,0.10054347826086957,1472.0
2005-12-31,0.07153863086066475,9086,0.2993356908647631,0.11611374407582939,1266.0
2006-03-31,0.07303523035230353,7380,0.31384004271721366,0.09550561797752809,1424.0
2006-06-30,0.0594089883028935,9746,0.29181111100852747,0.09319727891156462,1470.0
2006-09-30,0.06713928273561301,7194,0.3041602137226555,0.0924775707384403,1449.0
2006-12-31,0.06133220732608466,9473,0.3576957040272079,0.0931899641577061,1395.0
2007-03-31,0.06228082480011222,7129,0.2470656450646805,0.08917682926829268,1312.0
2007-06-30,0.06139811398113981,9756,0.34137167309898353,0.10081541882876205,1349.0
2007-09-30,0.07526881720430108,7347,0.39395711865664834,0.09792284866468842,1348.0
2007-12-31,0.07316326530612245,9800,0.35973146103230075,0.10727141828653708,1389.0
2008-03-31,0.08446455505279035,6630,0.4056121912385257,0.10189228529839883,1374.0
2008-06-30,0.07023622047244095,9525,0.34529250190943017,0.11376292760540971,1257.0
2008-09-30,0.08979875086745316,7205,0.3877692808527672,0.11165730337078651,1424.0
2008-12-31,0.09197080291970802,8220,0.3659299856901783,0.1448445171849427,1222.0
2009-03-31,0.11659933896437752,5446,0.43193019397449023,0.14934497816593886,1145.0
2009-06-30,0.08872525350072429,8284,0.4407923356812883,0.14557485525227462,1209.0
2009-09-30,0.10548686244204018,5176,0.4420366755690422,0.13580246913580246,891.0
2009-12-31,0.07971721111652852,8204,0.37624258819709094,,
2010-03-31,0.07785234899328859,5960,0.46562176872906696,,
2010-06-30,0.07263021675833063,6182,0.40832274814623354,,
2010-09-30,0.08730512249443208,2245,0.29621088351807,,
2010-12-31,0.09435846230654019,6009,0.399269127506379,,
2011-03-31,0.06955093099671412,9130,0.3359800983154788,,
2011-06-30,0.06407152169864035,10738,0.3167596419121073,,
2011-09-30,0.07085880037294105,9653,0.3201820695529184,,
2011-12-31,0.073100575282682,10082,0.34298660870083975,,
2012-03-31,0.09515017232890202,8124,0.3279576409202243,,
2012-06-30,0.08852386726931981,9071,0.3565644318909659,,
2012-09-30,0.09743220542356612,8334,0.36248271471223414,,
2012-12-31,0.07726421602444072,10147,0.375486031464569,,
2013-03-31,0.07582686376688291,9403,0.33628451608264787,,
2013-06-30,0.07664719745875602,9759,0.3273590277588609,,
2013-09-30,0.07244270542202348,8945,0.3293812877126116,,
2013-12-31,0.06219004165840111,10082,0.3369982799169764,,
2014-03-31,0.06992504363897731,9739,0.32964623058498727,,
2014-06-30,0.06591063293593098,10317,0.3244094808910166,,
2014-09-30,0.07095366715146478,9626,0.32511664758977465,,
2014-12-31,0.06757277809909389,10374,0.36000067624303167,,
2015-03-31,0.07242495257225756,8961,0.35316534460166205,,
2015-06-30,0.07719861660079051,8096,0.36086863458512136,,
2015-09-30,0.08008849557522124,9040,0.3771134764184948,,
2015-12-31,0.08868001634654679,9788,0.4336754710615303,,
2016-03-31,0.09178082191780822,8030,0.42876872719276465,,
2016-06-30,0.08104292168674698,10624,0.40356082000518645,,
2016-09-30,0.100747556066705,8695,0.42177144564666713,,
2016-12-31,0.09356270810210877,9010,0.47209419308240747,,
2017-03-31,0.09774352100089366,8952,0.47721606897103075,,
2017-06-30,0.10048848569434753,8598,0.4960640425219263,,
2017-09-30,0.10599758486515497,7453,0.509934332847681,,
2017-12-31,0.09201224603395491,17965,0.5066132985850306,,
2018-03-31,0.09445043749250868,16686,0.5145745696414115,,
2018-06-30,0.09259161334672941,18911,0.5073710038530139,,
2018-09-30,0.10081460511872437,17309,0.5198508531922413,,
2018-12-31,0.09569017480409886,19908,0.5523646402577904,,
2019-03-31,0.10099372384937239,19120,0.5485367369477525,,
2019-06-30,0.09603570742944903,20836,0.5152220332906027,,
2019-09-30,0.10282236911132095,19062,0.5349435574863853,,
2019-12-31,0.10233890663159873,21292,0.5530710442638164,,
2020-03-31,0.17470760233918128,6840,0.6108329906193549,,
2020-06-30,0.1849814126394052,6725,0.6191122918299988,,
2020-09-30,0.18081506547006032,6797,0.6228743345302926,,
2020-12-31,0.17253573007219686,6787,0.5909224315529231,,
2021-03-31,0.1707389308455501,6753,0.5906999207524272,,
2021-06-30,0.16939420040195233,6966,0.5926931596136725,,
2021-09-30,0.17279359176083536,6991,0.6023654008577418,,
2021-12-31,0.17387604595092895,7051,0.6203119257910735,,
2022-03-31,0.17477351916376307,7175,0.6188319137424195,,
2022-06-30,0.1688650728222039,7278,0.6266497265476355,,
2022-09-30,0.16906228610540724,7305,0.6313300672958604,,
2022-12-31,0.16205805475306095,7269,0.6137451742417859,,
2023-03-31,0.16766550522648083,7175,0.6341650786190557,,
2023-06-30,0.18713048260690224,7273,0.6655804182444839,,
2023-09-30,0.19053101165635344,6949,0.6686683541763316,,
